{"cameraMode":{"drawMode":0,"name":"Shaded","section":"Shading Mode"},"sceneLighting":true,"audioPlay":false,"sceneViewState":{"showFog":true,"showMaterialUpdate":false,"showSkybox":true,"showFlares":true,"showImageEffects":true,"showParticleSystems":true},"in2DMode":false,"pivot":{"x":481.33551025390627,"y":259.85186767578127,"z":-1.79559326171875},"rotation":{"x":0.019497688859701158,"y":-0.010497836396098137,"z":0.00020473063341341913,"w":0.9997552633285523},"size":429.5409240722656,"orthographic":true}